value_0,value_1,result_0,
8.40188,3.94383,1,
7.9844,9.11647,1,
3.35223,7.6823,1,
1.41603,6.06969,0,
2.42887,1.37232,0,
2.96032,6.37552,0,
4.93583,9.72775,1,
8.5092,2.66666,0,

